{
    "val_loss": 0.32346991022281785,
    "val_accuracy": 0.8681066176470589,
    "val_precision": 0.8745493871665465,
    "val_recall": 0.9147812971342383,
    "val_f1": 0.8942130482860302
}