{
    "val_loss": 0.31095218636533795,
    "val_accuracy": 0.8747702205882353,
    "val_precision": 0.8857561332845112,
    "val_recall": 0.9121417797888386,
    "val_f1": 0.8987553408879807
}