{
    "val_loss": 0.28967430426136537,
    "val_accuracy": 0.8798253676470589,
    "val_precision": 0.9083237437667817,
    "val_recall": 0.8929110105580694,
    "val_f1": 0.9005514356341511
}