{
    "val_loss": 0.37300944761099186,
    "val_accuracy": 0.8586856617647058,
    "val_precision": 0.8839050131926122,
    "val_recall": 0.8842383107088989,
    "val_f1": 0.8840716305372289
}