{
    "boosting_type": "gbdt",
    "colsample_bytree": 0.8353199085446044,
    "learning_rate": 0.07000444625651611,
    "max_depth": 5,
    "metric": "aucpr",
    "min_child_samples": 49,
    "n_estimators": 259,
    "num_leaves": 60,
    "objective": "binary",
    "reg_alpha": 0.6196606805672633,
    "reg_lambda": 0.10499417877407588,
    "subsample": 0.8663829691861987
}