{
    "colsample_bytree": 0.9169754977766684,
    "eval_metric": "aucpr",
    "gamma": 1.5301276423882033,
    "learning_rate": 0.026893402419428718,
    "max_depth": 10,
    "min_child_weight": 13,
    "n_jobs": -1,
    "objective": "binary:logistic",
    "reg_alpha": 0.07294545156684405,
    "reg_lambda": 1.7882177258296617e-06,
    "subsample": 0.803769398232886
}